{"loss": [1.9739205837249756, 1.4129829406738281, 1.1557626724243164, 0.973063588142395, 0.8303033709526062, 0.723064661026001, 0.6095679402351379, 0.5334193110466003, 0.44177213311195374, 0.39898407459259033, 0.317303866147995, 0.2875719368457794, 0.2552011013031006, 0.20240488648414612, 0.18854235112667084, 0.1601145714521408, 0.14850209653377533, 0.12915639579296112, 0.11868252605199814, 0.10559667646884918, 0.09600316733121872, 0.0857137143611908, 0.09120514988899231, 0.06968476623296738, 0.08034832030534744, 0.06273660808801651, 0.058146800845861435, 0.07993856072425842, 0.05396963283419609, 0.055932097136974335], "accuracy": [0.2793823182582855, 0.5040066838264465, 0.5953255295753479, 0.6629382371902466, 0.709682822227478, 0.7504173517227173, 0.7963272333145142, 0.822120189666748, 0.8505843281745911, 0.8625208735466003, 0.8923205137252808, 0.9033389091491699, 0.9149415493011475, 0.931218683719635, 0.9363105297088623, 0.9465776085853577, 0.953923225402832, 0.9567612409591675, 0.958931565284729, 0.9649415612220764, 0.9675292372703552, 0.9718697667121887, 0.9701168537139893, 0.9763773083686829, 0.9742069840431213, 0.9804674386978149, 0.9803839921951294, 0.9740400910377502, 0.9813856482505798, 0.9807178378105164], "val_loss": [1.6297633647918701, 1.21123206615448, 1.0372453927993774, 0.8941957950592041, 0.7721279263496399, 0.7223485112190247, 0.680417001247406, 0.6085649728775024, 0.5655174255371094, 0.5183482766151428, 0.5027122497558594, 0.4712234437465668, 0.43352293968200684, 0.5195698142051697, 0.5066362023353577, 0.39292359352111816, 0.41822749376296997, 0.3758288621902466, 0.4359535276889801, 0.4007204473018646, 0.4170953035354614, 0.38735195994377136, 0.3669489324092865, 0.3955402970314026, 0.40323203802108765, 0.4268418848514557, 0.39275407791137695, 0.39726904034614563, 0.3752678334712982, 0.43447262048721313], "val_accuracy": [0.40200334787368774, 0.5639399290084839, 0.639398992061615, 0.6998330354690552, 0.7232053279876709, 0.7636060118675232, 0.7709515690803528, 0.800000011920929, 0.8170284032821655, 0.8333889842033386, 0.8330550789833069, 0.8557596206665039, 0.8691151738166809, 0.8564273715019226, 0.859098494052887, 0.8871452212333679, 0.8841402530670166, 0.8931552767753601, 0.8864774703979492, 0.895158588886261, 0.900166928768158, 0.8828046917915344, 0.8991652727127075, 0.9011685848236084, 0.8921535611152649, 0.8978297114372253, 0.8971619606018066, 0.9021703004837036, 0.9111853241920471, 0.8928213715553284]}